source,target
YDR477W,YGL115W
YDR477W,YDR422C
YDR477W,YDR028C
YDR477W,YGL035C
YDR477W,YER027C
YDR477W,YGL208W
YDR477W,YJL089W
YDR477W,YNL257C
YDR477W,YER129W
YDR477W,YOR047C
YER148W,YGR274C
YER148W,YBR198C
YER148W,YPL082C
YER148W,YOR194C
YER148W,YKL058W
YER148W,YDR167W
YER148W,YGR246C
YER148W,YML015C
YER148W,YGL112C
YER148W,YPR086W
YER148W,YPL248C
YER148W,YDR145W
YER148W,YPL129W
YER148W,YCR042C
YER148W,YDR392W
YER148W,YMR005W
YER148W,YML098W
YER148W,YMR236W
YER148W,YDR176W
YER148W,YDL140C
YER148W,YGL241W
YER148W,YMR227C
YER148W,YOL148C
YER148W,YML114C
YER148W,YOR039W
YER148W,YMR270C
YER148W,YLR399C
YER148W,YFR034C
YER148W,YLR418C
YER148W,YLR055C
YER148W,YNL039W
YER148W,YPL011C
YER148W,YDR448W
YER148W,YGL048C
YGR274C,YDR167W
YGR274C,YGL112C
YGR274C,YDR145W
YGR274C,YBR198C
YGR274C,YPL011C
YGR274C,YPL129W
YGR274C,YMR005W
YGR274C,YMR236W
YGR274C,YML015C
YGR274C,YML098W
YGR274C,YCR042C
YGR274C,YML114C
YGR274C,YMR227C
YML051W,YPL248C
YML051W,YDR009W
YML051W,YBR020W
YPL248C,YOL051W
YPL248C,YPL042C
YPL248C,YGL048C
YPL248C,YGL112C
YPL248C,YER022W
YPL248C,YPR086W
YPL248C,YDR448W
YPL248C,YDR167W
YPL248C,YHR099W
YPL248C,YNL025C
YPL248C,YDR145W
YPL248C,YOR259C
YDR097C,YOL090W
YDR097C,YBR088C
YOL090W,YBR088C
YOL090W,YOR033C
YOL090W,YMR167W
YOL090W,YCR092C
YDR448W,YGR252W
YDR448W,YDR176W
YDR448W,YGL112C
YDR448W,YBR081C
YDR448W,YOL148C
YDR448W,YLR055C
YDR448W,YBR198C
YDR448W,YDR167W
YDR448W,YMR223W
YDR448W,YDR145W
YDR448W,YDR392W
YDR448W,YPL254W
YDR448W,YEL009C
YDR448W,YMR236W
YDR448W,YPL047W
YDR448W,YHR099W
YDR448W,YGL066W
YDR448W,YCL010C
YDR448W,YDR225W
YGR252W,YMR223W
YGR252W,YDR167W
YGR252W,YDR176W
YGR252W,YBR010W
YGR252W,YBR081C
YGR252W,YPL047W
YGR252W,YNL031C
YGR252W,YBR009C
YGR252W,YGL112C
YGR252W,YMR236W
YGR252W,YDR225W
YGR252W,YBR198C
YGR252W,YNL030W
YGR252W,YDR145W
YGR252W,YHR099W
YBL016W,YDR103W
YBL016W,YDL159W
YBL016W,YPL049C
YBL016W,YLR362W
YBL016W,YDR480W
YBL016W,YBR083W
YBL016W,YJL157C
YBL016W,YER075C
YBL016W,YHR005C
YBL016W,YNL053W
YBL016W,YHR084W
YDR103W,YDL159W
YDR103W,YLR362W
YDR103W,YOR212W
YDR103W,YGR040W
YDR103W,YBR200W
YDR103W,YCL032W
YDR217C,YPL153C
YPL153C,YJL115W
YPL153C,YBR136W
YPL153C,YDR052C
YPL153C,YLR182W
YPL153C,YDL101C
YMR167W,YNL082W
YMR167W,YOR033C
YMR167W,YPL164C
YMR167W,YMR190C
YBR198C,YDR167W
YBR198C,YGL112C
YBR198C,YBR081C
YBR198C,YDR176W
YBR198C,YMR236W
YBR198C,YDR145W
YBR198C,YMR005W
YBR198C,YMR223W
YBR198C,YLR055C
YBR198C,YEL009C
YBR198C,YPL047W
YBR198C,YML015C
YBR198C,YPL254W
YBR198C,YOL148C
YBR198C,YPL011C
YBR198C,YMR227C
YBR198C,YHR041C
YBR198C,YDR392W
YBR198C,YCR042C
YBR198C,YML114C
YDR176W,YGL112C
YDR176W,YBR081C
YDR176W,YMR223W
YDR176W,YMR236W
YDR176W,YPL047W
YDR176W,YLR055C
YDR176W,YDR167W
YDR176W,YOL148C
YDR176W,YER151C
YDR176W,YDR392W
YDR176W,YDR145W
YDR176W,YHR099W
YHL007C,YLR229C
YHL007C,YBR200W
YHL007C,YLR362W
YHL007C,YOR212W
YHL007C,YPL256C
YLR229C,YDR309C
YLR229C,YHR061C
YLR229C,YNL298W
YLR229C,YAL041W
YLR229C,YNL271C
YLR229C,YBR200W
YLR229C,YOR127W
YLR229C,YPL242C
YLR229C,YGR152C
YLR229C,YOL113W
YLR229C,YPL115C
YLR229C,YPL161C
YCL032W,YLR362W
YCL032W,YOR212W
YLR362W,YPL240C
YLR362W,YDR168W
YLR362W,YJL128C
YLR362W,YGR040W
YLR362W,YLR313C
YLR362W,YDL159W
YDR227W,YLR442C
YDR227W,YDL042C
YDR227W,YNL216W
YDR227W,YKR101W
YDR227W,YBR010W
YDR227W,YML109W
YDR227W,YBR009C
YLR442C,YDL042C
YLR442C,YBR009C
YLR442C,YNL216W
YLR442C,YBR010W
YLR442C,YNL030W
YLR442C,YHR030C
YLR442C,YJR052W
YLR442C,YNL031C
YHR005C,YOR212W
YHR005C,YLR452C
YHR005C,YFL026W
YHR005C,YJR086W
YOR212W,YJR086W
YOR212W,YAL041W
YOR212W,YDR264C
YOR212W,YFL026W
YOR212W,YJL157C
YLR347C,YOR098C
YLR347C,YNL189W
YLR347C,YLR293C
YLR347C,YLR335W
YLR347C,YMR047C
YLR347C,YKL068W
YLR347C,YIL115C
YLR347C,YAR002W
YLR347C,YDR192C
YLR347C,YJL041W
YLR347C,YGL172W
YLR347C,YGR119C
YLR347C,YOR001W
YOR098C,YNL189W
YOR098C,YOR160W
YOR098C,YER110C
YER095W,YML032C
YER095W,YGL163C
YER095W,YDR076W
YER095W,YJL092W
YER095W,YDR004W
YML032C,YDL059C
YML032C,YNL312W
YML032C,YAR007C
YDL159W,YGR040W
YCR039C,YCR097W
YCR039C,YMR043W
YDR328C,YFL009W
YDR328C,YJR090C
YDR328C,YMR094W
YDR328C,YDL132W
YDR328C,YIL046W
YDR328C,YOR057W
YDR328C,YJL204C
YDR328C,YOL133W
YDR328C,YMR168C
YDR328C,YLR097C
YDR328C,YJL149W
YDR328C,YPL256C
YDR328C,YML088W
YDR328C,YJR033C
YDR328C,YDR054C
YFL009W,YDL132W
YFL009W,YJL194W
YFL009W,YOL133W
YFL009W,YDR054C
YFL009W,YLR079W
YJR090C,YDL132W
YJR090C,YPL256C
YJR090C,YOL133W
YBR112C,YCR084C
YBR112C,YKL038W
YBR112C,YLR176C
YBR112C,YGL194C
YBR112C,YGL035C
YCR084C,YDR510W
YCR084C,YNL330C
YCR084C,YGL025C
YCR084C,YNL167C
YCR084C,YBR089CA
YCR084C,YDR308C
YCR084C,YLR176C
YAL021C,YNR052C
YAL021C,YCR093W
YAL021C,YDL165W
YAL021C,YGR092W
YAL021C,YPR072W
YAL021C,YER068W
YNR052C,YCR093W
YNR052C,YDL165W
YNR052C,YGR092W
YNR052C,YNL288W
YNR052C,YIL038C
YNR052C,YER068W
YNR052C,YDL160C
YNR052C,YPR072W
YIL109C,YPR181C
YIL109C,YIL004C
YIL109C,YPL218W
YIL109C,YLR268W
YIL109C,YPL085W
YIL109C,YLR026C
YPR181C,YPL218W
YPR181C,YIL004C
YPR181C,YHR098C
YPR181C,YDL195W
YPR181C,YPL085W
YPR181C,YLR208W
YPR181C,YNL049C
YPR181C,YLR268W
YNL189W,YLR335W
YNL189W,YGL238W
YNL189W,YAR002W
YNL189W,YER040W
YNL189W,YKL068W
YNL189W,YMR047C
YNL189W,YOR001W
YDR167W,YGL112C
YDR167W,YBR081C
YDR167W,YDR145W
YDR167W,YPL011C
YDR167W,YMR236W
YDR167W,YML114C
YDR167W,YML015C
YDR167W,YML098W
YDR167W,YCR042C
YDR167W,YMR223W
YDR167W,YMR227C
YDR167W,YMR005W
YDR167W,YPL047W
YDR167W,YOL148C
YDR167W,YPL254W
YDR167W,YHR099W
YDR167W,YLR055C
YDR167W,YDR392W
YBL084C,YKL022C
YBL084C,YDR118W
YBL084C,YLR127C
YBL084C,YDR260C
YBL084C,YDL008W
YBL084C,YHR166C
YBL084C,YIR025W
YBL084C,YFR036W
YBL084C,YNL172W
YBL084C,YOR249C
YBL084C,YGL116W
YBL084C,YGL240W
YKL022C,YNL172W
YKL022C,YDR118W
YKL022C,YLR127C
YKL022C,YHR166C
YKL022C,YOR249C
YKL022C,YLR102C
YKL022C,YGL240W
YKL022C,YFR036W
YKL022C,YDL008W
YKL022C,YIR025W
YKL022C,YDR260C
YOR194C,YKL058W
YDR404C,YJL140W
YDR404C,YDL140C
YDR404C,YGL070C
YDR404C,YIL021W
YJL140W,YDL140C
YJL140W,YLR071C
YJL140W,YGL070C
YJL140W,YML010W
YJL140W,YIL021W
YDR189W,YLR026C
YDR189W,YIL004C
YDR189W,YLR078C
YDR189W,YOR075W
YLR026C,YLR268W
YLR026C,YLR078C
YLR026C,YIL004C
YLR026C,YKL196C
YLR026C,YHL031C
YLR026C,YKL006CA
YLR026C,YMR197C
YLR026C,YBL050W
YLR026C,YFL038C
YLR026C,YEL036C
YLR026C,YOR327C
YKL058W,YML015C
YLR335W,YAR002W
YLR335W,YKL068W
YLR335W,YMR047C
YFR034C,YPL031C
YFR034C,YDL106C
YFR034C,YOL001W
YFR034C,YDR335W
YFR034C,YPR086W
YFR034C,YMR308C
YPL031C,YGR233C
YPL031C,YOL001W
YPL031C,YLR258W
YPL031C,YEL009C
YPL031C,YDL127W
YPL031C,YDL179W
YPL031C,YGL134W
YPL031C,YKR002W
YPL031C,YIL050W
YPL031C,YNL289W
YHR061C,YMR055C
YLR093C,YOR106W
YLR093C,YBL050W
YLR093C,YMR197C
YLR093C,YGL212W
YLR093C,YKL196C
YOR106W,YMR197C
YOR106W,YBL050W
YOR106W,YGL212W
YOR106W,YKL196C
YOR106W,YLR396C
YOR106W,YLR148W
YOR106W,YDR080W
YNL262W,YPR175W
YNL262W,YDR121W
YNL262W,YBR278W
YNL262W,YJL090C
YNL262W,YIR008C
YPR175W,YBR278W
YPR175W,YDR121W
YPR175W,YBR160W
YLR268W,YIL004C
YLR268W,YLR078C
YLR268W,YOR075W
YLR268W,YKL006CA
YLR268W,YKL196C
YLR268W,YPL218W
YLR268W,YBL050W
YLR268W,YNL287W
YLR268W,YGL098W
YGR246C,YGR047C
YGR246C,YNL039W
YGR246C,YNR003C
YDL140C,YIL021W
YDL140C,YJR017C
YDL140C,YBR154C
YDL140C,YER125W
YDL140C,YOR151C
YDL140C,YGR104C
YDL140C,YJL168C
YDL140C,YGL070C
YDL140C,YGL130W
YDL140C,YPR086W
YDL140C,YLR071C
YDL140C,YPR187W
YDL140C,YDL108W
YDL140C,YGR005C
YDL140C,YML010W
YDL140C,YOR224C
YDL140C,YPL042C
YDL140C,YDR228C
YDL140C,YOL005C
YDL140C,YPL129W
YDL140C,YHR058C
YDL140C,YKL110C
YDL140C,YER022W
YDL140C,YGR186W
YDL140C,YGR200C
YDL140C,YBR236C
YDL140C,YLR384C
YDL140C,YBR253W
YDL140C,YBR279W
YDL140C,YLR418C
YDL140C,YOR210W
YDL140C,YOL051W
YDL140C,YPR161C
YDL140C,YGR116W
YDL140C,YPL228W
YDL140C,YDR301W
YDL140C,YMR061W
YIL021W,YOR151C
YIL021W,YOL005C
YIL021W,YLR071C
YIL021W,YPR187W
YIL021W,YGL070C
YIL021W,YGR186W
YIL021W,YML010W
YIL021W,YBR154C
YIL021W,YGR104C
YIL021W,YJL168C
YMR094W,YMR168C
YMR094W,YGR140W
YMR094W,YOR057W
YDR002W,YLR293C
YDR002W,YGR218W
YLR293C,YGL238W
YLR293C,YJR074W
YLR293C,YER110C
YLR293C,YIL063C
YLR293C,YGR218W
YLR293C,YMR308C
YLR293C,YGL097W
YLR293C,YKL205W
YLR293C,YDR192C
YLR293C,YOR160W
YLR293C,YJL041W
YLR293C,YIL115C
YML015C,YML098W
YML015C,YCR042C
YML015C,YGL112C
YDL132W,YDR054C
YDL132W,YOL133W
YDL132W,YDR139C
YDL132W,YML088W
YDL132W,YIL046W
YDL132W,YJL149W
YDL132W,YDR131C
YDL132W,YLR097C
YDL132W,YPL256C
YGL112C,YDR145W
YGL112C,YLR055C
YGL112C,YBR081C
YGL112C,YOL148C
YGL112C,YMR236W
YGL112C,YDR392W
YGL112C,YMR223W
YGL112C,YPL254W
YGL112C,YMR005W
YGL112C,YPL047W
YGL112C,YCL010C
YGL112C,YML098W
YGL112C,YMR227C
YGL112C,YML114C
YGL112C,YPR072W
YGL112C,YEL009C
YGL112C,YCR042C
YGL112C,YGL066W
YGL112C,YHR099W
YER022W,YGR104C
YER022W,YHR041C
YER022W,YBR253W
YER022W,YHR058C
YER022W,YLR071C
YER022W,YOL135C
YER022W,YGR186W
YER022W,YGL025C
YER022W,YPL129W
YER022W,YNR010W
YER022W,YBR193C
YER022W,YDR146C
YER022W,YEL009C
YER022W,YOR174W
YER022W,YNL236W
YGR104C,YLR071C
YGR104C,YHR041C
YGR104C,YGR005C
YGR104C,YBR193C
YGR104C,YHR058C
YGR104C,YOL135C
YGR104C,YGL151W
YGR104C,YBR253W
YGR104C,YNL236W
YGR104C,YGL025C
YGR104C,YNR010W
YGR104C,YLR418C
YGR104C,YPL042C
YGR104C,YOL051W
YGR104C,YNL025C
YGR104C,YBR279W
YBR160W,YPL256C
YBR160W,YPR119W
YBR160W,YJL157C
YBR160W,YJL194W
YBR160W,YAL040C
YBR160W,YBR135W
YBR160W,YFL029C
YBR160W,YDL155W
YBR160W,YGL003C
YBR160W,YLR079W
YBR160W,YNL309W
YBR160W,YHR118C
YBR160W,YPR120C
YBR160W,YOR372C
YBR160W,YJL187C
YBR160W,YPL194W
YBR160W,YPL269W
YBR160W,YER111C
YBR160W,YER012W
YBR160W,YBR060C
YBR160W,YFR046C
YBR160W,YMR001C
YBR160W,YDR113C
YBR160W,YDR507C
YBR160W,YDR356W
YBR160W,YKL185W
YBR160W,YLR182W
YBR160W,YNL068C
YBR160W,YEL032W
YBR160W,YOR083W
YBR160W,YER041W
YBR160W,YKL108W
YBR160W,YDR130C
YBR160W,YGL075C
YBR160W,YAL024C
YPL256C,YJL157C
YPL256C,YBR135W
YPL256C,YGL003C
YPL256C,YLR079W
YOR027W,YPL240C
YOR027W,YAL005C
YOR027W,YLL024C
YPL240C,YJR032W
YPL240C,YDR214W
YPL240C,YBR155W
YPL240C,YLR216C
YPL240C,YKL117W
YPL240C,YDR168W
YPL240C,YPL106C
YPL240C,YOR057W
YPL240C,YLR256W
YPL240C,YNL064C
YPL240C,YOR332W
YPL240C,YHR030C
YPL240C,YFL011W
YPL240C,YDL199C
YPL240C,YNL281W
YPL240C,YPR201W
YPL240C,YDR283C
YPL240C,YBR290W
YPL240C,YBR130C
YPL240C,YCR060W
YDL042C,YJL076W
YMR197C,YDR468C
YMR197C,YKL196C
YMR197C,YGL212W
YMR197C,YBL050W
YMR197C,YOL018C
YMR197C,YOR327C
YMR197C,YOR036W
YAL041W,YBR200W
YAL041W,YJL157C
YAL041W,YGR152C
YBR200W,YJL157C
YBR200W,YER114C
YBR200W,YGL233W
YIL144W,YMR117C
YIL144W,YOL069W
YIL144W,YER018C
YIL144W,YAL034WA
YMR117C,YER018C
YMR117C,YOL069W
YMR117C,YGL075C
YMR117C,YAL034WA
YDR145W,YBR081C
YDR145W,YMR005W
YDR145W,YMR223W
YDR145W,YMR236W
YDR145W,YPL254W
YDR145W,YPL047W
YDR145W,YDR392W
YDR145W,YLR055C
YDR145W,YHR099W
YDR145W,YOL148C
YDR145W,YPR072W
YDR145W,YML098W
YDR145W,YML114C
YGL207W,YML069W
YGL207W,YBR279W
YGL207W,YOR123C
YGL207W,YOR039W
YGL207W,YNL102W
YGL207W,YER164W
YGL207W,YOR061W
YGL207W,YBL052C
YGL207W,YGL019W
YGL207W,YIL035C
YGL207W,YLR418C
YGL207W,YGL244W
YGL207W,YOL145C
YML069W,YOR123C
YML069W,YER164W
YML069W,YBR279W
YML069W,YGR116W
YML069W,YGL244W
YML069W,YOL145C
YML069W,YLR418C
YPR119W,YGL003C
YPR119W,YLR079W
YPR119W,YBR135W
YPR119W,YCL014W
YPR119W,YKR048C
YPR119W,YJL194W
YPR119W,YGL116W
YPR119W,YEL032W
YPR119W,YLR131C
YPR119W,YAL024C
YPR119W,YER111C
YPR119W,YJL076W
YPR119W,YJL187C
YPR119W,YGR092W
YPR119W,YHR158C
YDR311W,YER171W
YDR311W,YPR056W
YDR311W,YLR005W
YDR311W,YPL122C
YDR311W,YGR258C
YER171W,YLR005W
YER171W,YIL143C
YER171W,YDR460W
YER171W,YDL108W
YER171W,YPL122C
YPR086W,YNL222W
YPR086W,YLR418C
YNL172W,YDR260C
YNL172W,YDR118W
YNL172W,YIR025W
YNL172W,YGL240W
YNL172W,YLR127C
YBR136W,YDR499W
YBR136W,YNL312W
YBR136W,YAR007C
YHR041C,YLR071C
YHR041C,YHR058C
YHR041C,YEL009C
YHR041C,YGL025C
YGR200C,YPL086C
YGR200C,YLR384C
YGR200C,YHR187W
YGR200C,YKL110C
YGR200C,YPL101W
YGR200C,YMR312W
YPL086C,YKL110C
YPL086C,YLR384C
YPL086C,YHR187W
YPL086C,YMR312W
YPL086C,YPL101W
YFR028C,YJL076W
YFR028C,YAR019C
YFR028C,YMR055C
YJL076W,YPR010C
YJL076W,YDR110W
YJL076W,YOR341W
YBR081C,YMR236W
YBR081C,YHR099W
YBR081C,YPL254W
YBR081C,YOL148C
YBR081C,YPL047W
YBR081C,YLR055C
YBR081C,YDR392W
YBR081C,YMR223W
YBR081C,YEL009C
YHR172W,YLR212C
YHR172W,YNL126W
YHR172W,YAL047C
YHR172W,YDR356W
YLR212C,YNL126W
YLR212C,YDR356W
YLR212C,YAL047C
YDL017W,YDR052C
YDL017W,YBL023C
YDL017W,YGL201C
YDL017W,YPR019W
YDL017W,YEL032W
YDR052C,YBR060C
YDR052C,YBL023C
YML095C,YPL022W
YML095C,YMR201C
YPL022W,YMR201C
YGR009C,YPL232W
YGR009C,YAL030W
YGR009C,YNR049C
YGR009C,YOR327C
YGR009C,YDR164C
YGR009C,YPR032W
YPL232W,YAL030W
YPL232W,YDR164C
YPL232W,YPR032W
YPL232W,YJL164C
YNL126W,YDR356W
YNL126W,YAL047C
YCR088W,YNL138W
YCR088W,YNL094W
YCR088W,YNL020C
YCR088W,YNL106C
YCR088W,YIL095W
YCR088W,YDR388W
YCR088W,YOR284W
YCR088W,YFL039C
YNL138W,YFL039C
YNL138W,YJL005W
YDR388W,YOR181W
YDR388W,YCR009C
YDR388W,YMR192W
YDR388W,YLR144C
YDR388W,YNL094W
YDR388W,YFL039C
YDR388W,YPR171W
YDR388W,YPL249C
YDR388W,YBR108W
YDR388W,YJR083C
YDR388W,YMR109W
YDR388W,YBL007C
YDR388W,YDL127W
YOR181W,YLR337C
YOR181W,YKL129C
YOR181W,YMR109W
YOR181W,YFL039C
YOR181W,YBL007C
YOR181W,YJL020C
YOR181W,YDL029W
YOR181W,YFR024CA
YOR181W,YHR114W
YOR181W,YHR016C
YOR181W,YPR154W
YOR181W,YGR136W
YOR181W,YJL100W
YOR181W,YCL034W
YOR181W,YBL075C
YOR181W,YCR009C
YOR181W,YBR234C
YDR118W,YGL240W
YDR118W,YIR025W
YDR118W,YDR260C
YDR118W,YLR127C
YDR118W,YHR166C
YDR118W,YOR249C
YDR118W,YLR102C
YDR118W,YDL008W
YDR118W,YFR036W
YMR146C,YOR361C
YMR146C,YPR041W
YMR146C,YMR309C
YMR146C,YNL244C
YMR146C,YDR429C
YMR146C,YBR079C
YMR146C,YNL062C
YOR361C,YPR041W
YOR361C,YBR079C
YOR361C,YMR309C
YOR361C,YDR429C
YOR361C,YNL244C
YOR361C,YLR192C
YOR361C,YNL062C
YOR361C,YPL237W
YMR309C,YPR041W
YMR309C,YNL244C
YMR309C,YBR079C
YMR309C,YDR429C
YMR309C,YLR192C
YPR041W,YNL244C
YPR041W,YPL237W
YPR041W,YER025W
YPR041W,YBR079C
YPR041W,YJR007W
YIL126W,YLR357W
YIL126W,YCR052W
YIL126W,YFR037C
YIL126W,YKR008W
YIL126W,YMR091C
YIL126W,YLR033W
YIL126W,YLR321C
YIL126W,YGR056W
YIL126W,YDR303C
YIL126W,YMR033W
YIL126W,YPR034W
YIL126W,YGR275W
YIL126W,YML127W
YLR357W,YDR303C
YLR357W,YCR052W
YLR357W,YMR033W
YLR357W,YKR008W
YLR357W,YPR034W
YLR357W,YLR321C
YLR357W,YML127W
YLR357W,YFR037C
YLR357W,YGR056W
YLR357W,YHR056C
YLR357W,YMR091C
YLR357W,YLR033W
YBR253W,YLR071C
YDR121W,YBR278W
YDR121W,YOR304W
YDR121W,YGL133W
YDR121W,YJL065C
YGL044C,YMR061W
YGL044C,YDR228C
YGL044C,YGR047C
YMR061W,YDR228C
YLR127C,YDR260C
YLR127C,YHR166C
YLR127C,YGL240W
YLR127C,YIR025W
YLR127C,YDL008W
YLR127C,YOR249C
YLR127C,YLR102C
YOL148C,YPL047W
YOL148C,YLR055C
YOL148C,YMR236W
YOL148C,YPL254W
YOL148C,YDR392W
YOL148C,YMR223W
YBR079C,YDR429C
YBR079C,YNL244C
YBR079C,YLR192C
YNL298W,YHR107C
YHR107C,YJR076C
YHR107C,YLR314C
YHR107C,YDL225W
YHR107C,YDR085C
YHR107C,YCR002C
YHR107C,YDR507C
YHR107C,YKL101W
YJR076C,YLR314C
YJR076C,YDL225W
YJR076C,YCR002C
YJR076C,YDR510W
YJR076C,YDR507C
YJR076C,YPL161C
YHR166C,YDR260C
YHR166C,YFR036W
YHR166C,YGL003C
YHR166C,YGL116W
YHR166C,YER161C
YHR166C,YIR025W
YDR054C,YLR079W
YLL036C,YPR101W
YLL036C,YMR213W
YLL036C,YBR188C
YLL036C,YDL209C
YLL036C,YJR050W
YLL036C,YLR117C
YLL036C,YDR416W
YLL036C,YGR129W
YLL036C,YLR275W
YLL036C,YDL043C
YLL036C,YCR063W
YLL036C,YER029C
YLL036C,YPR178W
YLL036C,YDR364C
YLL036C,YPL151C
YLL036C,YNL245C
YLL036C,YPR182W
YLL036C,YDL030W
YLL036C,YMR240C
YLL036C,YPL213W
YLL036C,YML049C
YLL036C,YBR065C
YLL036C,YAL032C
YLL036C,YIR005W
YLL036C,YLR147C
YLL036C,YMR288W
YLL036C,YER172C
YLL036C,YHR165C
YLL036C,YIR009W
YLL036C,YJL203W
YLL036C,YGR074W
YLL036C,YKL173W
YPR101W,YBR188C
YPR101W,YDL209C
YPR101W,YDR416W
YPR101W,YLR117C
YOL051W,YLR071C
YOL051W,YGL025C
YOL051W,YKL028W
YOL051W,YLR418C
YOL051W,YNL236W
YOL051W,YKR062W
YOL051W,YOL135C
YLR055C,YPL047W
YLR055C,YMR223W
YLR055C,YDR392W
YAL043C,YNL317W
YAL043C,YKL059C
YAL043C,YKR002W
YAL043C,YER133W
YAL043C,YLR115W
YAL043C,YLR277C
YAL043C,YNL222W
YAL043C,YDR195W
YAL043C,YKL018W
YAL043C,YGR156W
YAL043C,YDR301W
YAL043C,YJR093C
YAL043C,YPL008W
YAL043C,YPR107C
YNL317W,YKR002W
YNL317W,YDR301W
YNL317W,YLR277C
YNL317W,YLR115W
YNL317W,YJR093C
YNL317W,YKL059C
YNL317W,YNL222W
YNL317W,YDR195W
YNL317W,YGR156W
YNL317W,YER133W
YNL317W,YKL018W
YDR028C,YER133W
YDR028C,YDR099W
YDR028C,YER177W
YER133W,YOR178C
YER133W,YKL193C
YER133W,YBR045C
YER133W,YFR003C
YER133W,YER054C
YER133W,YLR263W
YER133W,YBR050C
YER133W,YOR329C
YER133W,YDR195W
YER133W,YKL018W
YER133W,YAR014C
YER133W,YLR115W
YER133W,YDR301W
YER133W,YPL074W
YER133W,YGR156W
YER133W,YNL233W
YER133W,YAL014C
YER133W,YLR277C
YER133W,YFL023W
YER133W,YBL007C
YER133W,YMR311C
YNL244C,YGL049C
YDL030W,YJL203W
YDL030W,YDL043C
YJL203W,YDL043C
YDR211W,YOR260W
YDR211W,YLR291C
YDR211W,YGR083C
YDR211W,YKR026C
YDR211W,YPL237W
YDR211W,YJR007W
YOR260W,YGR083C
YOR260W,YLR291C
YOR260W,YJR007W
YOR260W,YKR026C
YOR260W,YPL237W
YOR260W,YER025W
YDL106C,YDR146C
YDL106C,YKR099W
YOR249C,YDR260C
YOR249C,YIR025W
YOR249C,YGL240W
YNL025C,YPL042C
YGR047C,YNL039W
YGR047C,YBR123C
YGR047C,YLR277C
YGR047C,YOR110W
YGR047C,YOR250C
YGR047C,YLR115W
YLR384C,YHR187W
YLR384C,YMR312W
YLR384C,YPL101W
YLR005W,YPR056W
YLR102C,YDR260C
YLR102C,YIR025W
YDL235C,YLR006C
YDL235C,YIL147C
YDL235C,YHR206W
YLR006C,YNR031C
YHR187W,YKL110C
YHR187W,YBL021C
YHR187W,YMR312W
YER012W,YKL145W
YER012W,YPR103W
YER012W,YHR200W
YER012W,YGL048C
YER012W,YFR050C
YER012W,YGR253C
YER012W,YFR052W
YER012W,YOR261C
YER012W,YOL038W
YER012W,YOR362C
YER012W,YER021W
YER012W,YOR117W
YKL145W,YHR027C
YKL145W,YHR200W
YKL145W,YEL037C
YKL145W,YFR052W
YKL145W,YDR363WA
YKL145W,YDR394W
YKL145W,YFR010W
YKL145W,YGL048C
YGL130W,YPL228W
YPL228W,YDR510W
YLR078C,YIL004C
YLR078C,YKL006CA
YPL218W,YIL004C
YPL218W,YGL200C
YGL240W,YDR260C
YGL240W,YIR025W
YIL046W,YNL103W
YLR288C,YOR368W
YLR288C,YPL194W
YLR288C,YHR119W
YOR368W,YPL194W
YMR047C,YER107C
YMR047C,YJL061W
YMR047C,YJR042W
YMR047C,YDL116W
YMR047C,YPL169C
YMR047C,YKL057C
YMR047C,YER110C
YMR047C,YJL041W
YMR047C,YIL115C
YMR047C,YKR082W
YMR047C,YAR002W
YMR047C,YPL125W
YMR047C,YGL092W
YMR047C,YML103C
YMR047C,YMR308C
YMR047C,YBR017C
YMR047C,YGL172W
YMR047C,YKL068W
YMR047C,YGL016W
YMR047C,YGL100W
YJR053W,YML064C
YJR053W,YMR055C
YJR053W,YMR001C
YML064C,YAR019C
YML064C,YMR055C
YGL025C,YLR071C
YGL025C,YDL005C
YGL025C,YHR058C
YGL025C,YBR193C
YGL025C,YOL135C
YGL025C,YNL236W
YGL025C,YPR070W
YGL025C,YDR308C
YGL025C,YBL093C
YGL025C,YOR174W
YLR071C,YNL236W
YLR071C,YNR010W
YLR071C,YOL135C
YLR071C,YDR308C
YLR071C,YPR070W
YLR071C,YBR193C
YLR071C,YPR168W
YLR071C,YHR058C
YLR071C,YOR174W
YLR071C,YDL005C
YLR071C,YOR151C
YLR071C,YMR112C
YLR071C,YPL129W
YLR071C,YBL093C
YER018C,YOL069W
YER018C,YAL034WA
YDR468C,YOL018C
YDR468C,YOR036W
YDR468C,YKR020W
YDR468C,YGL095C
YDR468C,YOR327C
YDR468C,YBL050W
YGL233W,YPR055W
YGL233W,YLR166C
YGL233W,YDR166C
YGL233W,YIL068C
YGL233W,YFL005W
YPR055W,YIL068C
YPR055W,YLR166C
YPR055W,YDR166C
YPR055W,YER008C
YPR055W,YBR102C
YPR055W,YJL085W
YER111C,YLR182W
YER111C,YOR083W
YER111C,YHR030C
YLR182W,YOR083W
YLR182W,YNL309W
YLR182W,YHR030C
YLR182W,YDL056W
YGL106W,YOR326W
YGL106W,YPL242C
YGL106W,YHR023W
YOR326W,YKL079W
YOR326W,YCL063W
YOR326W,YPL269W
YOR326W,YIL118W
YOR326W,YOR035C
YOR326W,YBR109C
YBR154C,YOR341W
YBR154C,YPL129W
YBR154C,YGL070C
YBR154C,YPR187W
YBR154C,YGR005C
YER125W,YMR275C
YER125W,YIR033W
YER125W,YKL020C
YOL069W,YJR112W
YNL236W,YOL135C
YCR009C,YMR232W
YCR009C,YMR192W
YCR009C,YPL249C
YGR233C,YOL001W
YBR109C,YDR356W
YBR109C,YNR035C
YDR356W,YKL042W
YDR356W,YPL124W
YDR356W,YNL225C
YDR356W,YOR373W
YBR143C,YDR172W
YDR172W,YER165W
YDR172W,YMR080C
YDR172W,YLL026W
YOR151C,YJL168C
YOR151C,YGL070C
YOR151C,YPR187W
YOR151C,YNL222W
YOR151C,YML010W
YOR151C,YGR186W
YOR151C,YOR210W
YOR151C,YPL129W
YOR151C,YGR005C
YGR083C,YJR007W
YIL143C,YGR258C
YHL025W,YOR290C
YHL025W,YPL129W
YHL025W,YJL176C
YHL025W,YBR289W
YHL025W,YNR023W
YHL025W,YPL016W
YHL025W,YPR034W
YHL025W,YMR033W
YOR290C,YBR289W
YOR290C,YJL176C
YOR290C,YPL016W
YOR290C,YEL009C
YOR290C,YPL129W
YOR290C,YDR146C
YOR290C,YKL109W
YMR213W,YGR129W
YMR213W,YLR117C
YMR213W,YDR416W
YMR213W,YJR050W
YMR213W,YDL209C
YGR005C,YGR186W
YGR005C,YPL129W
YGR005C,YLR418C
YGR005C,YBR279W
YGR186W,YPL129W
YGR186W,YMR277W
YGR186W,YDR510W
YIL147C,YHR206W
YMR223W,YPL047W
YMR223W,YPL254W
YMR223W,YDR392W
YMR223W,YMR236W
YMR223W,YCL010C
YMR223W,YGL066W
YMR223W,YHR099W
YDR092W,YGL087C
YDR092W,YLR032W
YBR188C,YJR050W
YBR188C,YLR117C
YBR188C,YDR416W
YBL050W,YBR080C
YBL050W,YKL196C
YBL050W,YOL018C
YFR036W,YDR260C
YHR058C,YBL093C
YHR058C,YNR010W
YHR058C,YDR308C
YHR058C,YOL135C
YHR058C,YOR174W
YKL196C,YHL031C
YKL196C,YIL004C
YKL196C,YEL013W
YKL196C,YKL006CA
YKL196C,YOR036W
YGR040W,YHR084W
YGR040W,YPL049C
YGR040W,YDR480W
YLR234W,YMR190C
YLR234W,YPL024W
YMR190C,YPL024W
YAR019C,YGR092W
YKL042W,YNL225C
YKL042W,YPL124W
YKL042W,YPR120C
YPL129W,YBL052C
YPL129W,YGL150C
YPL129W,YNR023W
YPL129W,YMR033W
YPL129W,YBR289W
YPL129W,YPR034W
YPL129W,YCR042C
YPL129W,YPL016W
YPL129W,YML098W
YPL129W,YJL081C
YPL129W,YPL011C
YPL129W,YJL176C
YPL129W,YDR073W
YGR188C,YOR026W
YGR188C,YGL086W
YOR026W,YGL086W
YOR026W,YJL013C
YOR026W,YGL116W
YPL011C,YML098W
YPL011C,YMR005W
YPL011C,YMR227C
YPL011C,YML114C
YIL004C,YDL195W
YNL330C,YOL004W
YNL330C,YPL139C
YNL330C,YNL097C
YOL004W,YDR207C
YOL004W,YIL084C
YCR042C,YML098W
YJR032W,YBR155W
YMR236W,YHR099W
YMR236W,YPL047W
YMR236W,YEL009C
YMR236W,YPL254W
YMR236W,YML098W
YMR236W,YDR392W
YMR236W,YMR005W
YLR337C,YMR109W
YLR337C,YKL129C
YLR337C,YMR032W
YLR314C,YDR510W
YLR314C,YDR507C
YLR314C,YCR002C
YLR314C,YDR409W
YLR314C,YDL225W
YDL097C,YDL147W
YDL097C,YDR427W
YDL097C,YFR004W
YDL097C,YOR261C
YDL097C,YPR108W
YDL097C,YHR027C
YDL097C,YHR200W
YDL097C,YER021W
YDL097C,YFR052W
YDL147W,YDR179C
YDL147W,YHR027C
YDL147W,YDR427W
YDL147W,YOR261C
YDL147W,YFR004W
YJL194W,YBR202W
YJL194W,YBL023C
YJL194W,YLR274W
YBR009C,YDR225W
YBR009C,YLR399C
YBR009C,YBR010W
YBR009C,YOR244W
YDL008W,YDR260C
YHR099W,YOR244W
YHR099W,YPL047W
YHR099W,YHR090C
YHR099W,YGR002C
YHR099W,YNL107W
YHR099W,YJL081C
YOR244W,YFL024C
YOR244W,YHR090C
YOR244W,YGR002C
YOR244W,YJL081C
YOR244W,YDR359C
YOR244W,YFL039C
YOR244W,YNL107W
YOR244W,YPR023C
YOR244W,YNL030W
YDR392W,YPL047W
YNL216W,YPL075W
YGL172W,YJL041W
YGL172W,YFR002W
YGL172W,YJR042W
YGL172W,YGR119C
YGL172W,YDL116W
YGL172W,YKL057C
YGL172W,YGR218W
YGL172W,YGL092W
YJL041W,YJL061W
YJL041W,YGR119C
YJL041W,YFR002W
YJL041W,YER009W
YJL041W,YIL115C
YER165W,YGR162W
YER165W,YGL049C
YER165W,YGR178C
YER165W,YAR002W
YER165W,YJL080C
YER165W,YKL068W
YGR162W,YOL139C
YGR162W,YJL138C
YGR162W,YKR059W
YMR005W,YML098W
YBR087W,YJR068W
YBR087W,YER173W
YBR087W,YMR078C
YBR087W,YOR144C
YJR068W,YNL290W
YJR068W,YOL094C
YJR068W,YER173W
YJR068W,YOR217W
YJR068W,YMR078C
YJR068W,YOR144C
YDL029W,YJR065C
YDL029W,YIL062C
YDL029W,YBR234C
YDL029W,YLR370C
YDL029W,YKL013C
YDL029W,YMR109W
YJR065C,YIL062C
YJR065C,YLR370C
YJR065C,YNR035C
YJR065C,YBR234C
YJR065C,YKL013C
YHR084W,YPL049C
YHR084W,YDR480W
YHR084W,YMR043W
YHR084W,YBR083W
YKL129C,YIL159W
YKL129C,YJL020C
YKL129C,YIL156W
YKL129C,YOR035C
YGL070C,YPR187W
YGL070C,YOR224C
YGL070C,YOL005C
YBR010W,YDR225W
YBR010W,YDR440W
YBR010W,YGL058W
YBR010W,YJL115W
YBR010W,YPL209C
YBR010W,YLR399C
YCR093W,YDL165W
YCR093W,YPR072W
YCR093W,YER068W
YBR114W,YJR052W
YJR052W,YER162C
YDR303C,YKR008W
YDR303C,YML127W
YDR303C,YFR037C
YDR303C,YCR052W
YDR303C,YMR033W
YDR303C,YPR034W
YDR303C,YMR091C
YDR303C,YLR033W
YIL068C,YDR166C
YIL068C,YLR166C
YER118C,YJL128C
YER118C,YCL027W
YJL128C,YNR031C
YCR052W,YFR037C
YCR052W,YGR275W
YCR052W,YMR033W
YCR052W,YMR091C
YCR052W,YKR008W
YCR052W,YLR033W
YCR052W,YLR321C
YDR113C,YGR098C
YDR113C,YGL116W
YDR113C,YBR274W
YGL116W,YJL030W
YGL116W,YJL013C
YGL116W,YKL101W
YJL030W,YGL086W
YDL209C,YDR364C
YDL209C,YHR165C
YDL209C,YPL151C
YDL209C,YDR416W
YDL209C,YBR065C
YDL209C,YPL213W
YDL209C,YLR117C
YDL209C,YJR050W
YDL209C,YGR074W
YDL209C,YER029C
YDL209C,YLR147C
YDL209C,YAL032C
YDL209C,YKL095W
YDL209C,YGR129W
YDL209C,YER172C
YDL209C,YKL173W
YBR279W,YOL145C
YBR279W,YLR418C
YBR279W,YOR123C
YBR279W,YGL244W
YBR279W,YDR138W
YBR279W,YML010W
YOL145C,YLR418C
YOL145C,YOR123C
YOL145C,YGL244W
YOL018C,YDR027C
YOL018C,YGL095C
YBR034C,YDR432W
YBR034C,YOL123W
YBR034C,YGL122C
YDR432W,YMR216C
YDR432W,YOR160W
YDR432W,YCL011C
YDR432W,YMR125W
YMR109W,YOR035C
YMR109W,YJL020C
YMR109W,YBR234C
YMR109W,YKL013C
YER146W,YJL124C
YER146W,YCR077C
YER146W,YER172C
YER146W,YLR438CA
YER146W,YDR378C
YER146W,YNL147W
YER146W,YJR022W
YER146W,YBL026W
YER146W,YMR268C
YER146W,YER112W
YJL124C,YDR378C
YJL124C,YLR438CA
YJL124C,YCR077C
YJL124C,YBL026W
YJL124C,YER112W
YJL124C,YNL147W
YIR025W,YDR260C
YMR192W,YFR024CA
YMR192W,YHR016C
YDR129C,YFL039C
YFL039C,YLL050C
YFL039C,YOR122C
YFL039C,YGL150C
YFL039C,YDR334W
YFL039C,YDL178W
YFL039C,YNL243W
YFL039C,YPL242C
YFL039C,YJL081C
YFL039C,YGR080W
YFL039C,YNL107W
YFL039C,YOR367W
YFL039C,YOL012C
YFL039C,YDR510W
YKL059C,YLR115W
YKL059C,YLR277C
YKL059C,YKR002W
YKL059C,YJR093C
YKL059C,YKL018W
YEL037C,YER162C
YEL037C,YGL048C
YEL037C,YPL096W
YEL037C,YHR027C
YEL037C,YOR117W
YEL037C,YDL190C
YEL037C,YOR259C
YEL037C,YMR201C
YEL037C,YER143W
YKL068W,YBR017C
YKL068W,YPL169C
YKL068W,YMR308C
YKL068W,YDR395W
YKL068W,YJR042W
YKL068W,YGR218W
YKL068W,YER110C
YKL068W,YNL273W
YKL068W,YML103C
YKL068W,YFR031C
YKL068W,YDL116W
YKL068W,YOL123W
YKL068W,YDR101C
YKL068W,YKL057C
YKL068W,YKR082W
YKL068W,YGL092W
YKL068W,YBR123C
YKL068W,YLL024C
YKL068W,YDR335W
YNR010W,YOR174W
YNR010W,YPR070W
YNR010W,YDL005C
YNR010W,YMR112C
YNR010W,YPR168W
YNL290W,YER173W
YNL290W,YMR078C
YNL290W,YOL094C
YNL290W,YOR144C
YDR228C,YOR250C
YDR228C,YDR301W
YDR228C,YJR022W
YDL225W,YDR510W
YDL225W,YCR002C
YDL225W,YDR507C
YLR418C,YGL244W
YLR418C,YOR123C
YLR197W,YOR310C
YLR197W,YDL014W
YLR197W,YEL026W
YOR310C,YDL014W
YOR310C,YMR093W
YOR310C,YDL148C
YOR310C,YHR196W
YOR310C,YHR203C
YOR310C,YDR324C
YOR310C,YJL109C
YOR310C,YDR449C
YOR310C,YCR057C
YOR310C,YMR229C
YOR310C,YLR222C
YOR310C,YPR137W
YOR310C,YEL026W
YOR310C,YJR002W
YOR310C,YPL126W
YPL237W,YER025W
YML114C,YML098W
YGL058W,YGR184C
YGL058W,YCR066W
YGL058W,YDL074C
YGL058W,YLR024C
YER016W,YPL269W
YPL269W,YLR045C
YKR002W,YJR093C
YKR002W,YNL222W
YKR002W,YLR115W
YMR033W,YLR033W
YMR033W,YMR091C
YMR033W,YKR008W
YMR033W,YGR275W
YMR033W,YFR037C
YMR033W,YGR056W
YMR033W,YJL176C
YHL031C,YKL006CA
YGL003C,YDL155W
YGL003C,YKL101W
YGL003C,YPR120C
YGL048C,YHR027C
YGL048C,YDR394W
YGL048C,YDR427W
YGL048C,YHR200W
YGL048C,YKL010C
YAL034WA,YIR010W
YAL034WA,YPL233W
YAL034WA,YJR112W
YAL034WA,YGL093W
YAL034WA,YPR046W
YAL034WA,YKL049C
YIR010W,YJR112W
YIR010W,YPL233W
YIR010W,YKL089W
YIR010W,YPL018W
YNL271C,YOR122C
YNL271C,YNL293W
YNL271C,YPR165W
YNL271C,YCL027W
YDR138W,YNL139C
YDR138W,YML062C
YDR138W,YDL084W
YDR138W,YHR167W
YDR138W,YDR381W
YDR138W,YNL253W
YNL139C,YML062C
YNL139C,YHR167W
YNL139C,YDL084W
YNL139C,YNL253W
YDR429C,YLR192C
YGL150C,YJL081C
YGL150C,YOR141C
YGL150C,YPL235W
YGL150C,YDL002C
YGL150C,YDR190C
YGL150C,YNL059C
YGL150C,YLR052W
YJL081C,YDR334W
YJL081C,YFL024C
YJL081C,YGR002C
YJL081C,YNL107W
YJL081C,YOL012C
YJL081C,YDR190C
YJL081C,YHR090C
YJL081C,YDR225W
YJL081C,YBR231C
YKR101W,YML065W
YML065W,YBR060C
YML065W,YHR118C
YML065W,YPR162C
YML065W,YNL261W
YML065W,YLL004W
YDR016C,YGL061C
YDR016C,YKR037C
YDR016C,YGR113W
YDR016C,YKL052C
YDR016C,YDR201W
YDR016C,YKR083C
YDR016C,YBR233WA
YGL061C,YGR113W
YGL061C,YKR037C
YGL061C,YKR083C
YGL061C,YKL052C
YFR037C,YML127W
YFR037C,YLR033W
YFR037C,YGR275W
YFR037C,YPR034W
YFR037C,YMR091C
YFR037C,YLR321C
YFR037C,YKR008W
YFR037C,YCR020WB
YDR224C,YDR225W
YDR224C,YKR048C
YDR225W,YKR048C
YDR225W,YGL241W
YDR225W,YBL003C
YDR225W,YNL030W
YDR225W,YNL031C
YDR225W,YBL002W
YKR008W,YMR091C
YKR008W,YLR033W
YKR008W,YLR321C
YKR008W,YPR034W
YKR008W,YML127W
YOL135C,YOR174W
YOL135C,YDR308C
YOL135C,YDL005C
YOL135C,YPR070W
YOL135C,YPR168W
YHR085W,YHR197W
YHR085W,YNL182C
YHR197W,YNL182C
YHR197W,YPL093W
YHR197W,YGR245C
YHR197W,YER006W
YHR197W,YLR106C
YNL103W,YIR017C
YNL103W,YJR060W
YDL220C,YDR082W
YDL220C,YNL102W
YDL220C,YLR233C
YDR164C,YMR183C
YDR164C,YNR049C
YDR164C,YOR327C
YMR183C,YAL030W
YAL005C,YNL064C
YAL005C,YNL007C
YAL005C,YAR002W
YAL005C,YDR510W
YAL005C,YPL106C
YLR115W,YNL222W
YLR115W,YLR277C
YLR115W,YJR093C
YLR115W,YKL018W
YLR115W,YDR301W
YPR187W,YOR341W
YOR174W,YPR070W
YOR174W,YDL005C
YOR174W,YDL108W
YOR174W,YDR308C
YOR174W,YBR193C
YJR050W,YLR117C
YJR050W,YDR416W
YDR207C,YJR094C
YJR094C,YMR139W
YKL203C,YNL006W
YKL203C,YER093C
YKL203C,YMR068W
YKL203C,YOL078W
YNL006W,YJR066W
YNL006W,YOL078W
YNL006W,YER093C
YNL006W,YMR068W
YNL006W,YHR186C
YCR077C,YDR378C
YCR077C,YLR438CA
YCR077C,YBL026W
YCR077C,YJR022W
YCR077C,YNL118C
YCR077C,YER112W
YCR077C,YDL160C
YCR077C,YNL147W
YBR289W,YEL009C
YBR289W,YJL176C
YER173W,YOL094C
YER173W,YPL194W
YFL024C,YNL107W
YFL024C,YGR002C
YFL024C,YHR090C
YOR122C,YIL159W
YNR049C,YAL030W
YDR201W,YKR037C
YDR201W,YGR113W
YDR201W,YKL052C
YKR037C,YGR113W
YKR037C,YKL052C
YFL029C,YDL108W
YPL233W,YJR112W
YPL233W,YBR211C
YPL233W,YGR179C
YLR277C,YNL222W
YLR277C,YJR093C
YLR277C,YKL018W
YIL072W,YLR263W
YLR263W,YOR351C
YBL023C,YEL032W
YBL023C,YPR019W
YBL023C,YGL201C
YBL023C,YBR202W
YBL023C,YLR103C
YBL023C,YLR274W
YEL032W,YBR202W
YEL032W,YLR274W
YEL032W,YPR019W
YJL061W,YIL115C
YGR119C,YFR002W
YGR119C,YER110C
YGR119C,YBR017C
YGR119C,YGR218W
YPR034W,YJL176C
YPR034W,YMR091C
YPR034W,YGR275W
YPR034W,YLR033W
YCR066W,YJL092W
YCR066W,YLR032W
YML115C,YPL050C
YPL050C,YEL036C
YPL050C,YJR075W
YPL050C,YJL183W
YHR090C,YGR002C
YHR090C,YNL107W
YHR090C,YDR359C
YER112W,YJR022W
YER112W,YER172C
YER112W,YLR438CA
YER112W,YDR378C
YER112W,YOL149W
YJR022W,YER172C
YJR022W,YBL026W
YJR022W,YMR268C
YJR022W,YLR438CA
YJR022W,YDR378C
YJR022W,YGR158C
YJR022W,YEL015W
YJR022W,YIL173W
YJR022W,YOR076C
YJR022W,YNL050C
YJR022W,YNR050C
YJR022W,YHR035W
YJR022W,YNL118C
YJR022W,YHR034C
YJR022W,YDR277C
YJR022W,YOR319W
YJR022W,YGL096W
YJR022W,YNR053C
YJR022W,YGL173C
YJR022W,YNL147W
YJR022W,YPR178W
YJR022W,YBR003W
YHR027C,YHR200W
YHR027C,YDR394W
YHR027C,YDL007W
YHR027C,YIL075C
YHR027C,YOR117W
YHR027C,YOR259C
YHR027C,YOR261C
YHR027C,YFR052W
YHR027C,YDR427W
YHR027C,YER021W
YHR027C,YFR004W
YGL244W,YOR123C
YGR002C,YNL107W
YGR002C,YDR334W
YGR002C,YDR359C
YGR002C,YPL235W
YGR002C,YEL018W
YGR002C,YDR190C
YGR002C,YOL012C
YLR079W,YPR120C
YGR103W,YPL093W
YGR103W,YOR272W
YGR103W,YHR052W
YGR103W,YER006W
YGR103W,YLR009W
YGR103W,YMR049C
YGR103W,YNL002C
YGR103W,YOR063W
YGR103W,YPR016C
YPL093W,YER006W
YPL093W,YGR245C
YPL093W,YLR009W
YPL093W,YNR053C
YPL093W,YHR052W
YPL093W,YDR101C
YER172C,YKL173W
YER172C,YHR165C
YER172C,YPR178W
YER172C,YOR308C
YER172C,YER029C
YER172C,YGR091W
YER172C,YLR275W
YER172C,YPR082C
YER172C,YDR473C
YER172C,YDL098C
YER172C,YGR074W
YER172C,YLR438CA
YER172C,YBR055C
YER172C,YEL026W
YER172C,YBL026W
YER172C,YGR075C
YER172C,YDR378C
YER172C,YLR147C
YER172C,YFL017WA
YER172C,YOR159C
YER172C,YNL147W
YER172C,YIL061C
YER172C,YPR182W
YPL254W,YPL047W
YML062C,YHR167W
YML062C,YDL084W
YML062C,YNL253W
YDR192C,YGR218W
YDR192C,YMR255W
YDR192C,YDL207W
YDR192C,YER110C
YDR192C,YBR017C
YGR218W,YIL115C
YGR218W,YIL063C
YGR218W,YML007W
YDL084W,YDR381W
YDL084W,YHR167W
YDL084W,YKL214C
YDL084W,YNL253W
YDL084W,YDR510W
YDR427W,YOR261C
YDR427W,YHR200W
YDR427W,YFR004W
YBL007C,YHR016C
YBL007C,YGR268C
YBL007C,YCL034W
YBL007C,YPR171W
YBL052C,YOR064C
YJR066W,YHR186C
YJR066W,YER040W
YBR088C,YJR043C
YBR088C,YDR510W
YBR088C,YLR032W
YJR043C,YJR006W
YJR043C,YNL102W
YJR043C,YDL102W
YER070W,YML058W
YML058W,YDL101C
YDR308C,YEL009C
YDR308C,YPR168W
YDR308C,YPR070W
YLR117C,YPL151C
YLR117C,YGR129W
YLR117C,YER013W
YDR381W,YPL169C
YDR381W,YMR308C
YPL169C,YDR159W
YPL169C,YKL186C
YLR144C,YFR024CA
YLR144C,YHR016C
YOR341W,YPR010C
YOR341W,YOR340C
YOR341W,YNL248C
YOR341W,YDR510W
YOR341W,YPR110C
YOR341W,YJL148W
YPR010C,YNL248C
YPR010C,YPR110C
YPR010C,YJR063W
YPR010C,YOR340C
YPR010C,YHR143WA
YFR002W,YMR153W
YDR181C,YMR127C
YDR181C,YOR213C
YDR181C,YJL115W
YMR127C,YOR213C
YMR127C,YJL115W
YHR077C,YMR080C
YHR077C,YGR072W
YMR080C,YNL112W
YMR080C,YHR170W
YER040W,YNL229C
YPR120C,YHR118C
YNL222W,YOR179C
YNL222W,YPL008W
YNL222W,YJR093C
YNL222W,YPR107C
YKL173W,YLR438CA
YMR043W,YNL068C
YMR043W,YMR042W
YMR043W,YDR173C
YMR043W,YML099C
YNL068C,YOR372C
YEL036C,YJL183W
YBR133C,YJL187C
YBR133C,YKL101W
YJL187C,YMR001C
YAL030W,YER143W
YPL075W,YNL199C
YLR113W,YOR208W
YLR113W,YLR248W
YLR113W,YMR172W
YLR113W,YER075C
YLR113W,YNL167C
YOR208W,YHR030C
YEL009C,YNR023W
YEL009C,YPL016W
YPR103W,YJL001W
YPR103W,YOR157C
YPR103W,YOL038W
YPR103W,YER094C
YPR103W,YOR362C
YPR103W,YBL041W
YPR103W,YGR253C
YPR103W,YGR135W
YPR103W,YML092C
YPR103W,YMR314W
YPR103W,YBR173C
YER093C,YOL078W
YBR202W,YLR103C
YBR202W,YIL150C
YBR202W,YPR019W
YDL185W,YOR270C
YDL185W,YBR127C
YDL185W,YEL051W
YDL185W,YPR036W
YDL185W,YMR054W
YDL185W,YHR039CA
YDL185W,YOR332W
YOR270C,YLR447C
YOR270C,YPR036W
YOR270C,YEL027W
YOR270C,YGR020C
YOR270C,YEL051W
YOR270C,YBR127C
YOR270C,YKL080W
YOR270C,YOR332W
YDR378C,YLR438CA
YDR378C,YNL147W
YDR378C,YBL026W
YDR378C,YMR268C
YJL176C,YNR023W
YJR007W,YKR026C
YHR200W,YFR052W
YHR200W,YFR004W
YOR213C,YJL115W
YMR068W,YIL105C
YMR068W,YOL078W
YBL026W,YLR438CA
YBL026W,YMR268C
YLR452C,YGL178W
YOL094C,YOR144C
YOL094C,YMR078C
YLR274W,YLR103C
YNL312W,YAR007C
YDL108W,YPR025C
YDL108W,YDR460W
YNL107W,YDR334W
YNL107W,YOL012C
YNL107W,YGL075C
YNL107W,YDR359C
YJR112W,YKL049C
YLR438CA,YNL147W
YLR438CA,YMR268C
YLR438CA,YPR178W
YLR438CA,YGL173C
YLR438CA,YDR473C
YLR166C,YDR166C
YJL050W,YOL115W
YJL050W,YDL175C
YJL050W,YNL299W
YJL050W,YOR001W
YOL115W,YDL175C
YOL115W,YNL299W
YOL115W,YIL079C
YHR165C,YIL061C
YPL047W,YGL066W
YPL047W,YCL010C
YDR510W,YNL088W
YDR510W,YDR390C
YDR510W,YDL064W
YDR510W,YPR180W
YDR510W,YAL038W
YDR510W,YDR169C
YDR510W,YDR385W
YDR510W,YIL053W
YDR510W,YCR012W
YDR510W,YDL126C
YDR510W,YLR044C
YDR510W,YBR118W
YDR510W,YGL026C
YDR510W,YGR192C
YDR510W,YOR156C
YDR510W,YJL092W
YDR510W,YML126C
YDR510W,YNL042W
YDR510W,YKL060C
YDR510W,YPR183W
YDR510W,YMR186W
YDR510W,YOL086C
YDR510W,YDL055C
YDL014W,YBR247C
YGR063C,YML010W
YML010W,YGR116W
YPR178W,YDR473C
YLR399C,YOL012C
YLR399C,YMR227C
YGL098W,YOR075W
YGL098W,YDR498C
YOR075W,YDR498C
YOR075W,YGL145W
YGR113W,YBR156C
YGR113W,YKL052C
YGR113W,YGR140W
YGR113W,YKL138CA
YKR048C,YGL241W
YKR048C,YGR245C
YKR048C,YDR507C
YKR048C,YLR457C
YKR048C,YOL012C
YKR048C,YBL003C
YFR004W,YOR261C
YFR004W,YFR010W
YER110C,YAR002W
YER110C,YML007W
YDR334W,YDR190C
YDR334W,YBR231C
YDR334W,YOL012C
YDR334W,YPL235W
YDR334W,YML041C
YDR334W,YLR085C
YDR334W,YLR385C
YDR334W,YDR485C
YDR334W,YAL011W
YDR394W,YOR117W
YDR394W,YOR259C
YDR394W,YDL007W
YJR093C,YPR107C
YDR195W,YKL018W
YDL195W,YLR208W
YDL195W,YPL085W
YLR208W,YDL116W
YPR019W,YGL201C
YBL105C,YPR165W
YBL105C,YBL039C
YPR165W,YPL161C
YPR165W,YDL240W
YPR165W,YLR342W
YPR165W,YOR134W
YPR165W,YER008C
YPR165W,YDR389W
YDR166C,YER008C
YDR166C,YJL085W
YIR006C,YNL084C
YIR006C,YIL095W
YIR006C,YDL161W
YIR006C,YGR241C
YIR006C,YHR161C
YJL001W,YFR050C
YJL001W,YOR157C
YDR027C,YDR484W
YDR027C,YKR020W
YDR484W,YJL029C
YDR484W,YKR020W
YFL037W,YOR265W
YFL037W,YML085C
YJR006W,YDL102W
YMR168C,YGR140W
YPL235W,YDR190C
YPL235W,YOL012C
YMR153W,YBL079W
YMR153W,YMR308C
YMR001C,YPR007C
YMR001C,YGR092W
YDR507C,YCR002C
YMR268C,YNL147W
YJR042W,YDL116W
YJR042W,YGL092W
YJR042W,YGL100W
YDL165W,YPR072W
YGL241W,YBL003C
YER029C,YLR147C
YAL047C,YOR373W
YAL047C,YLR045C
YIL115C,YOR046C
YBL025W,YLR141W
YLR141W,YMR270C
YDR440W,YNL031C
YOR261C,YFR052W
YHR069C,YHR081W
YHR069C,YOL021C
YHR069C,YDR280W
YHR069C,YOR001W
YHR069C,YGR095C
YHR081W,YOL021C
YHR081W,YOR001W
YHR081W,YNL232W
YHR081W,YCR035C
YHR081W,YDR280W
YHR081W,YGR095C
YDR190C,YOL012C
YGL095C,YDR323C
YGL095C,YOR036W
YHR119W,YKL018W
YHR119W,YLR015W
YHR119W,YBR175W
YHR119W,YAR003W
YHR119W,YPL138C
YHR119W,YDR469W
YKL018W,YLR015W
YDR283C,YGL195W
YGL195W,YFR009W
YER082C,YJR002W
YER082C,YBR247C
YJR002W,YCL059C
YJR002W,YDL148C
YJR002W,YJL109C
YJR002W,YHR196W
YJR002W,YGR090W
YJR002W,YOR078W
YJR002W,YCR057C
YJR002W,YNL075W
YAR002W,YDL229W
YER114C,YER124C
YGR092W,YIL106W
YDL161W,YGL206C
YGL206C,YHR161C
YGL206C,YDR358W
YGL206C,YKL135C
YGL206C,YGR167W
YGL206C,YLR206W
YGL206C,YGR241C
YGL206C,YNL243W
YGL206C,YHR108W
YFR003C,YML016C
YOL072W,YOR257W
YOL072W,YDR159W
YOR257W,YNL188W
YOR257W,YBR111WA
YJL029C,YKR020W
YCR057C,YLR409C
YCR057C,YJL069C
YCR057C,YLR222C
YCR057C,YDR449C
YCR057C,YLR129W
YLR409C,YLR222C
YLR409C,YJL069C
YLR409C,YDR449C
YBR127C,YHR039CA
YBR130C,YKL130C
YBR130C,YAL029C
YAL029C,YOR035C
YDL116W,YKL057C
YDL116W,YGL092W
YDL116W,YGL100W
YNL248C,YOR340C
YLR033W,YMR091C
YLR033W,YGR275W
YLR033W,YML127W
YHR052W,YLR009W
YHR052W,YER006W
YJL065C,YOR304W
YJL065C,YGL133W
YJL080C,YOR198C
YDR076W,YDR004W
YLR321C,YMR091C
YMR078C,YHR191C
YML099C,YMR042W
YMR042W,YDR173C
YOL021C,YGR095C
YOL021C,YOR001W
YOL021C,YDR280W
YOL021C,YGR195W
YOL021C,YDL111C
YOL021C,YNL232W
YOL021C,YOL142W
YOL021C,YOR076C
YPR072W,YIL038C
YPR072W,YER068W
YKR072C,YML016C
YKR072C,YKL088W
YBR231C,YOL012C
YPR171W,YHR016C
YPR171W,YFR024CA
YKL052C,YKR083C
YKL052C,YKL138CA
YPL106C,YNL209W
YPL106C,YDL229W
YPL106C,YLL024C
YPL161C,YNL090W
YPL161C,YKR055W
YBR017C,YGL122C
YBR017C,YGL092W
YBR017C,YOL123W
YGR245C,YNL182C
YGR245C,YER006W
YHR030C,YNL053W
YHR030C,YIL113W
YHR030C,YER075C
YHR030C,YPL089C
YHR030C,YPL140C
YDL064W,YDR409W
YLR015W,YBR175W
YLR015W,YDR469W
YLR015W,YAR003W
YLR015W,YPL138C
YBR156C,YPL209C
YPR108W,YDR363WA
YER136W,YOR089C
YER136W,YML001W
YER136W,YFL005W
YER136W,YFL038C
YOR089C,YDR323C
YLR103C,YNL273W
YDR416W,YGR129W
YML127W,YMR091C
YGL180W,YPR049C
YGL180W,YLR423C
YGL180W,YPR185W
YER068W,YIL038C
YMR091C,YGR275W
YBR247C,YPL012W
YBR247C,YDL060W
YBR247C,YDL148C
YBR247C,YCL059C
YBR247C,YPR144C
YBR247C,YPL204W
YGR095C,YCR035C
YGR095C,YDL111C
YGR095C,YNL232W
YGR095C,YGR195W
YGR095C,YOL142W
YGR095C,YDR280W
YGR095C,YOR001W
YGR095C,YOR076C
YOR157C,YML092C
YOR157C,YFR050C
YOR157C,YER094C
YJL125C,YNL062C
YER006W,YLR002C
YER006W,YDR101C
YER006W,YOR206W
YER006W,YMR049C
YER006W,YCR072C
YER006W,YMR290C
YER006W,YDL031W
YER006W,YCL054W
YER006W,YPL146C
YER006W,YNL061W
YER006W,YLR106C
YDL077C,YML001W
YDL077C,YDR080W
YDL077C,YMR231W
YDL077C,YPL045W
YML001W,YLR396C
YKL057C,YGL100W
YKL057C,YGL092W
YIL106W,YDL028C
YLR256W,YCL037C
YDR060W,YOR206W
YOR206W,YLR002C
YMR032W,YIL159W
YPL101W,YMR312W
YOL012C,YML041C
YOL012C,YAL011W
YOL012C,YDR485C
YHR167W,YNL253W
YGL092W,YGL100W
YBR123C,YOR110W
YBR123C,YAL001C
YBR123C,YDR362C
YNL007C,YCL028W
YPR056W,YDR079CA
YPR056W,YPL122C
YJL069C,YDR449C
YJL069C,YLR222C
YJL069C,YLR129W
YOL038W,YGL011C
YIR017C,YJR060W
YER164W,YIL035C
YER164W,YOR039W
YER164W,YOR061W
YER164W,YGL019W
YJL090C,YKL108W
YOR340C,YDR156W
YFL038C,YOR370C
YFL038C,YGR172C
YFL038C,YNL263C
YFL038C,YPR017C
YFL038C,YPR176C
YOR370C,YPR176C
YFR024CA,YJR083C
YBR107C,YDR254W
YDR254W,YGR140W
YGL075C,YPL255W
YOR001W,YOL142W
YOR001W,YDR280W
YOR001W,YGR195W
YOR001W,YDL111C
YOR001W,YNL232W
YOR001W,YCR035C
YDR099W,YER177W
YDR099W,YDR130C
YDR080W,YPL195W
YPR025C,YDR460W
YNR003C,YPR190C
YNR003C,YNL151C
YPR190C,YDR005C
YHR016C,YJR083C
YGL122C,YKR095W
YFR052W,YER021W
YIL075C,YDR363WA
YMR308C,YML007W
YMR240C,YOR319W
YGL213C,YPR189W
YGL213C,YHL022C
YGL213C,YOR076C
YPR189W,YLR398C
YNL225C,YDL239C
YNL225C,YOL091W
YNL225C,YOR373W
YBR080C,YLR043C
YFL005W,YNL272C
YFL005W,YNL263C
YJL115W,YBL008W
YLR222C,YDR449C
YDR280W,YGR195W
YDR280W,YNL232W
YDR280W,YCR035C
YDR280W,YOL142W
YLR009W,YNR053C
YDL126C,YGR048W
YDL126C,YBR170C
YDL126C,YLL039C
YDL126C,YJL048C
YDL126C,YBR273C
YDL126C,YML013W
YDL126C,YBL058W
YDL126C,YMR067C
YDL126C,YKL213C
YGR048W,YBR170C
YGR172C,YNL263C
YGR172C,YER031C
YNL263C,YER031C
YEL013W,YPR185W
YPR185W,YLR423C
YKL038W,YOR047C
YKL038W,YDR277C
YGL145W,YNL258C
YGL145W,YDR498C
YNL258C,YFR051C
YLR148W,YMR231W
YLR148W,YDR323C
YLR148W,YLR396C
YMR231W,YPL045W
YMR231W,YDR323C
YMR231W,YLR396C
YGR116W,YPR133C
YGR140W,YNL307C
YLR396C,YPL045W
YKL028W,YKR062W
YNL113W,YPR110C
YLL039C,YML097C
YLL039C,YMR276W
YLL039C,YER143W
YLL039C,YDL190C
YOR046C,YMR255W
YOR046C,YDL207W
YLR258W,YGL134W
YOR332W,YHR039CA
YDR101C,YHR170W
YJR084W,YOL117W
YJR084W,YMR025W
YJR084W,YDR179C
YJR084W,YDL216C
YDR179C,YMR025W
YMR093W,YGR128C
YMR093W,YJL109C
YMR093W,YHR196W
YMR093W,YDR324C
YDL051W,YDR395W
YMR255W,YDL207W
YGL200C,YAR002CA
YAR002CA,YML012W
YAR002CA,YAL007C
YDR320C,YGR167W
YDL148C,YPR144C
YDL148C,YLR186W
YPL151C,YAL032C
YOR039W,YIL035C
YGR135W,YML092C
YGR179C,YPR046W
YGR179C,YDR318W
YGR179C,YPL018W
YPR046W,YJR135C
YPR046W,YLR381W
YPR046W,YBR211C
YGL019W,YIL035C
YIL035C,YOR061W
YOR327C,YER143W
YHR196W,YJL109C
YHR196W,YDR324C
YHR196W,YPL126W
YHR196W,YGR128C
YJL109C,YPL126W
YJL109C,YGR128C
YJL109C,YDR324C
YAL038W,YJL164C
YLL021W,YOR231W
YLL021W,YNL293W
YLL021W,YOL112W
YIL118W,YJL085W
YCL059C,YBL072C
YCL059C,YJR123W
YCL059C,YHR203C
YCL059C,YJR145C
YCL059C,YBR031W
YCL059C,YPR102C
YCL059C,YOR096W
YCL059C,YER102W
YCL059C,YNL178W
YBL008W,YOR038C
YKL089W,YDR318W
YKL089W,YKL049C
YLR192C,YDR091C
YGR128C,YDR324C
YGR128C,YPL126W
YCR033W,YDR155C
YCR033W,YIL112W
YCR033W,YBR103W
YDR155C,YGL194C
YDR155C,YKR029C
YDR155C,YBR103W
YHR170W,YGL099W
YKL125W,YNL102W
YNL102W,YPR135W
YNL102W,YIR008C
YHL022C,YLR329W
YGR013W,YHR086W
YGR013W,YIL061C
YGR013W,YBR119W
YGR013W,YDR240C
YHR086W,YIL061C
YLR045C,YCL029C
YBL021C,YOR358W
YCL029C,YPL155C
YCL029C,YML085C
YDR159W,YKL186C
YDR324C,YPL126W
YIR009W,YPL213W
YIR009W,YNL091W
YDL239C,YOL091W
YDL239C,YOR373W
YMR125W,YPL178W
YAL024C,YHR158C
YDR318W,YPL018W
YPL018W,YKL049C
YOL091W,YOR177C
YLR249W,YPR080W
YLR249W,YBR118W
YML007W,YBR216C
YLR329W,YHR157W
YMR131C,YOR063W
YOR063W,YDR087C
YAL032C,YLR424W
YIL061C,YDR240C
YNL118C,YOL149W
YML049C,YPR094W
YML109W,YBL085W
YDR277C,YDL194W
YDR310C,YOL068C
YOL068C,YIL112W
YFL048C,YLR080W
YFL048C,YDL145C
YFL048C,YNL287W
YMR048W,YNL273W
YER124C,YBL085W
YOR358W,YGL237C
YML085C,YER007W
YFR031C,YLR086W
YPR161C,YLR226W
YHR023W,YPR188C
YKL088W,YOR054C
YMR263W,YNL097C
